First_Name,Last_Name,Position
A.J.,Lawson,SG
A.J.,Lawson,SG
A.J.,Lawson,SG
Aaron,Gordon,PF
Aaron,Holiday,PG
Aaron,Nesmith,SF
Aaron,Wiggins,SG
Aaron,Gordon,PF
Aaron,Henry,SF
Aaron,Holiday,PG
Aaron,Holiday,PG
Aaron,Holiday,PG
Aaron,Nesmith,SF
Aaron,Wiggins,SG
Aaron,Gordon,PF
Aaron,Gordon,PF
Aaron,Gordon,PF
Aaron,Holiday,PG
Aaron,Nesmith,SF
Aaron,Gordon,PF
Aaron,Holiday,PG
Abdel,Nader,SF
Abdel,Nader,SF
Abdel,Nader,SF
Adam,Mokoka,SG
Adam,Mokoka,SF
Ade,Murkey,SG
Admiral,Schofield,PF
Admiral,Schofield,SF
Admiral,Schofield,PF
Ahmad,Caver,SG
AJ,Green,SG
AJ,Griffin,SF
Al,Horford,C
Al,Horford,C
Al,Horford,C
Al,Horford,C
Al-Farouq,Aminu,PF
Al-Farouq,Aminu,PF
Al-Farouq,Aminu,PF
Al-Farouq,Aminu,PF
Alec,Burks,SG
Alec,Burks,SG
Alec,Burks,SG
Alec,Burks,SF
Alec,Burks,SF
Alec,Burks,SG
Aleem,Ford,SF
Aleksej,Pokusevski,PF
Aleksej,Pokusevski,PF
Aleksej,Pokusevski,PF
Alen,Smailagic,PF
Alen,Smailagic,C
Alex,Caruso,PG
Alex,Len,C
Alex,Caruso,SG
Alex,Len,C
Alex,Caruso,PG
Alex,Len,C
Alex,Len,C
Alex,Len,C
Alex,Caruso,PG
Alex,Len,C
Alex,Len,C
Alex,Len,C
Alfonzo,McKinnie,SF
Alfonzo,McKinnie,SF
Alfonzo,McKinnie,SF
Alize,Johnson,PF
Alize,Johnson,PF
Alize,Johnson,PF
Alize,Johnson,PF
Alize,Johnson,PF
Alize,Johnson,PF
Alize,Johnson,PF
Allen,Crabbe,SG
Allen,Crabbe,SG
Allen,Crabbe,SF
Allonzo,Trier,SG
Alondes,Williams,SG
Alperen,Sengun,C
Alperen,Sengun,C
Amida,Brimah,C
Amile,Jefferson,PF
Amir,Coffey,SF
Amir,Coffey,SG
Amir,Coffey,SG
Amir,Coffey,SG
Anzejs,Pasecniks,C
Anzejs,Pasecniks,C
Anderson,Varejao,C
Andre,Drummond,C
Andre,Iguodala,PF
Andre,Drummond,C
Andre,Drummond,C
Andre,Drummond,C
Andre,Iguodala,SF
Andre,Drummond,C
Andre,Drummond,C
Andre,Drummond,C
Andre,Iguodala,SF
Andre,Roberson,SG
Andre,Drummond,C
Andre,Drummond,C
Andre,Drummond,C
Andre,Iguodala,SF
Andre,Roberson,SF
Andrew,Nembhard,SG
Andrew,Wiggins,SF
Andrew,Wiggins,SF
Andrew,Wiggins,PF
Andrew,Wiggins,SF
Andrew,Wiggins,SF
Andrew,Wiggins,SF
Anfernee,Simons,SG
Anfernee,Simons,SG
Anfernee,Simons,SG
Anfernee,Simons,SG
Ante,Zizic,C
Anthony,Davis,C
Anthony,Edwards,SG
Anthony,Gill,PF
Anthony,Lamb,SF
Anthony,Davis,C
Anthony,Edwards,SG
Anthony,Gill,PF
Anthony,Lamb,SF
Anthony,Davis,PF
Anthony,Edwards,SG
Anthony,Gill,PF
Anthony,Lamb,SF
Anthony,Tolliver,PF
Anthony,Davis,PF
Anthony,Tolliver,PF
Anthony,Tolliver,PF
Anthony,Tolliver,PF
Anthony,Tolliver,PF
Antonius,Cleveland,SG
Armoni,Brooks,SG
Armoni,Brooks,SG
Armoni,Brooks,PG
Armoni,Brooks,SG
Arnoldas,Kulboka,SF
Aron,Baynes,C
Aron,Baynes,C
Ashton,Hagans,PG
Austin,Reaves,SG
Austin,Rivers,SG
Austin,Reaves,SG
Austin,Rivers,SG
Austin,Rivers,SG
Austin,Rivers,SG
Austin,Rivers,SG
Austin,Rivers,SG
Avery,Bradley,SG
Avery,Bradley,SG
Avery,Bradley,SG
Avery,Bradley,SG
Avery,Bradley,SG
Axel,Toupane,SF
Ayo,Dosunmu,SG
Ayo,Dosunmu,SG
BJ,Johnson,SF
BJ,Johnson,SF
Bam,Adebayo,C
Bam,Adebayo,C
Bam,Adebayo,C
Bam,Adebayo,PF
Ben,Simmons,PG
Ben,McLemore,SG
Ben,McLemore,SG
Ben,McLemore,SG
Ben,McLemore,SG
Ben,Simmons,PG
Ben,McLemore,SF
Ben,Simmons,PG
Bennedict,Mathurin,SG
Bismack,Biyombo,C
Bismack,Biyombo,C
Bismack,Biyombo,C
Bismack,Biyombo,C
Blake,Griffin,C
Blake,Wesley,SG
Blake,Griffin,C
Blake,Griffin,PF
Blake,Griffin,PF
Blake,Griffin,PF
Blake,Griffin,PF
Boban,Marjanovic,C
Boban,Marjanovic,C
Boban,Marjanovic,C
Boban,Marjanovic,C
Bobby,Portis,PF
Bobby,Portis,C
Bobby,Portis,C
Bobby,Portis,PF
Bogdan,Bogdanovic,SG
Bogdan,Bogdanovic,SG
Bogdan,Bogdanovic,SG
Bogdan,Bogdanovic,SG
Bojan,Bogdanovic,PF
Bojan,Bogdanovic,PF
Bojan,Bogdanovic,SF
Bojan,Bogdanovic,SF
Bol,Bol,PF
Bol,Bol,PF
Bol,Bol,PF
Bol,Bol,PF
Bones,Hyland,PG
Bones,Hyland,PG
Bones,Hyland,PG
Bones,Hyland,SG
Brad,Wanamaker,PG
Brad,Wanamaker,PG
Brad,Wanamaker,PG
Brad,Wanamaker,PG
Brad,Wanamaker,PG
Brad,Wanamaker,PG
Brad,Wanamaker,PG
Bradley,Beal,SG
Bradley,Beal,SG
Bradley,Beal,SG
Bradley,Beal,SG
Brandon,Boston,SF
Brandon,Clarke,PF
Brandon,Ingram,SF
Brandon,Boston,SG
Brandon,Clarke,PF
Brandon,Goodwin,PG
Brandon,Ingram,SF
Brandon,Knight,PG
Brandon,Williams,PG
Brandon,Clarke,PF
Brandon,Goodwin,PG
Brandon,Ingram,SF
Brandon,Clarke,PF
Brandon,Goodwin,PG
Brandon,Ingram,PF
Brandon,Knight,SG
Brandon,Knight,SG
Brandon,Knight,PG
Braxton,Key,SF
Braxton,Key,SF
Braxton,Key,SF
Braxton,Key,SF
Brian,Bowen,SF
Brian,Bowen,SF
Brodric,Thomas,SG
Brodric,Thomas,SG
Brodric,Thomas,SG
Brodric,Thomas,SG
Brook,Lopez,C
Brook,Lopez,C
Brook,Lopez,C
Brook,Lopez,C
Bruce,Brown,SF
Bruce,Brown,SF
Bruce,Brown,PG
Bruce,Brown,PG
Bruno,Fernando,C
Bruno,Fernando,C
Bruno,Fernando,C
Bruno,Fernando,C
Bruno,Fernando,C
Bruno,Fernando,C
Bruno,Caboclo,PF
Bruno,Fernando,C
Bruno,Caboclo,C
Bruno,Caboclo,C
Bruno,Caboclo,C
Bruno,Fernando,C
Bryce,McGowens,SG
Bryn,Forbes,SG
Bryn,Forbes,SG
Bryn,Forbes,SG
Bryn,Forbes,SG
Bryn,Forbes,SG
Bryn,Forbes,SG
Buddy,Boeheim,SF
Buddy,Hield,SF
Buddy,Hield,SG
Buddy,Hield,SG
Buddy,Hield,SG
Buddy,Hield,SG
Buddy,Hield,SG
CJ,Miles,SG
CJ,Miles,SF
Cade,Cunningham,PG
Cade,Cunningham,SG
Caleb,Houstan,SF
Caleb,Martin,SF
Caleb,Martin,SF
Caleb,Martin,SF
Caleb,Martin,SF
Caleb,Swanigan,PF
Caleb,Swanigan,C
Caleb,Swanigan,PF
Cam,Reddish,SF
Cam,Reddish,SF
Cam,Reddish,SF
Cam,Thomas,SG
Cam,Reddish,SF
Cam,Reddish,SF
Cam,Reddish,SF
Cam,Thomas,SG
Cam,Reddish,SF
Cam,Reddish,SF
Cameron,Johnson,PF
Cameron,Johnson,PF
Cameron,Johnson,PF
Cameron,Payne,PG
Cameron,Johnson,PF
Cameron,McGriff,SF
Cameron,Oliver,SF
Cameron,Payne,PG
Cameron,Johnson,PF
Cameron,Oliver,SF
Cameron,Payne,PG
Cam,Reynolds,SF
Cam,Reynolds,SF
Cam,Reynolds,SF
Cameron,Johnson,PF
Cameron,Payne,SG
Caris,LeVert,SG
Caris,LeVert,SG
Caris,LeVert,SG
Caris,LeVert,SG
Caris,LeVert,SG
Caris,LeVert,SG
Caris,LeVert,SG
Caris,LeVert,SG
Carlik,Jones,PG
Carlik,Jones,PG
Carlik,Jones,PG
Carlik,Jones,PG
Carmelo,Anthony,PF
Carmelo,Anthony,PF
Carmelo,Anthony,PF
Carsen,Edwards,SG
Carsen,Edwards,SG
Carsen,Edwards,SG
Cassius,Stanley,SG
Cassius,Winston,PG
Cassius,Stanley,SG
Cassius,Winston,PG
Cat,Barber,PG
Cedi,Osman,SF
Cedi,Osman,SF
Cedi,Osman,SF
Cedi,Osman,SF
Chance,Comanche,C
Chandler,Hutchison,SF
Chandler,Hutchison,SF
Chandler,Hutchison,SF
Chandler,Hutchison,SF
Chandler,Hutchison,SF
Chandler,Parsons,PF
Charles,Bassey,C
Charles,Bassey,C
Charlie,Brown,SG
Charlie,Brown,SG
Charlie,Brown,SG
Charlie,Brown,SG
Charlie,Brown,SG
Chasson,Randle,PG
Chasson,Randle,PG
Chaundee,Brown,SG
Chaundee,Brown,SF
Chaundee,Brown,SG
Cheick,Diallo,C
Cheick,Diallo,C
Chima,Moneke,SF
Chimezie,Metu,PF
Chimezie,Metu,C
Chimezie,Metu,C
Chimezie,Metu,C
Chris,Boucher,PF
Chris,Duarte,SF
Chris,Paul,PG
Chris,Silva,PF
Chris,Boucher,SF
Chris,Chiozza,PG
Chris,Duarte,SG
Chris,Paul,PG
Chris,Silva,PF
Chris,Silva,PF
Chris,Silva,PF
Chris,Boucher,C
Chris,Chiozza,PG
Chris,Paul,PG
Chris,Silva,PF
Chris,Silva,PF
Chris,Silva,PF
Chris,Boucher,C
Chris,Chiozza,PG
Chris,Chiozza,PG
Chris,Chiozza,PG
Chris,Clemons,SG
Chris,Paul,PG
Chris,Silva,PF
Christian,Braun,SG
Christian,Koloko,C
Christian,Wood,C
Christian,Wood,C
Christian,Wood,C
Christian,Wood,PF
Chuma,Okeke,SF
Chuma,Okeke,PF
Chuma,Okeke,PF
CJ,McCollum,SG
CJ,Elleby,SF
CJ,McCollum,SG
CJ,McCollum,SG
CJ,McCollum,SG
CJ,Elleby,SF
CJ,McCollum,SG
CJ,McCollum,SG
Clint,Capela,C
Clint,Capela,C
Clint,Capela,C
Clint,Capela,C
Coby,White,SG
Coby,White,PG
Coby,White,PG
Coby,White,PG
Cody,Martin,SF
Cody,Zeller,C
Cody,Martin,SF
Cody,Zeller,C
Cody,Martin,SF
Cody,Zeller,C
Cody,Martin,SF
Cody,Zeller,C
Cole,Anthony,PG
Cole,Swider,SF
Cole,Anthony,PG
Cole,Anthony,PG
Collin,Sexton,PG
Collin,Sexton,SG
Collin,Sexton,SG
Collin,Sexton,PG
Corey,Kispert,SF
Corey,Kispert,SF
Corey,Brewer,PF
Cory,Joseph,PG
Cory,Joseph,PG
Cory,Joseph,PG
Cory,Joseph,PG
Cory,Joseph,PG
Cory,Joseph,PG
Courtney,Lee,SG
Craig,Sword,SG
Cristiano,Felicio,C
Cristiano,Felicio,C
D.J.,Augustin,PG
D.J.,Augustin,PG
D.J.,Augustin,PG
D.J.,Wilson,PF
D.J.,Augustin,PG
D.J.,Augustin,PG
D.J.,Augustin,PG
D.J.,Wilson,PF
D.J.,Wilson,PF
D.J.,Wilson,PF
D.J.,Augustin,PG
D.J.,Wilson,PF
D'Angelo,Russell,PG
D'Angelo,Russell,PG
D'Angelo,Russell,PG
D'Angelo,Russell,PG
D'Angelo,Russell,PG
D'Angelo,Russell,PG
D'Angelo,Russell,PG
D'Angelo,Russell,PG
Dzanan,Musa,SF
Daishen,Nix,PG
Daishen,Nix,SG
Dakota,Mathias,SG
Dakota,Mathias,SG
Dalano,Banton,PG
Dalano,Banton,PG
Dalen,Terry,SG
Damian,Jones,C
Damian,Jones,C
Damian,Jones,C
Damian,Lillard,PG
Damian,Jones,C
Damian,Lillard,PG
Damian,Jones,C
Damian,Jones,C
Damian,Jones,C
Damian,Jones,C
Damian,Lillard,PG
Damian,Jones,C
Damian,Lillard,PG
Damion,Lee,SG
Damion,Lee,SG
Damion,Lee,SG
Damion,Lee,SG
Damyean,Dotson,SG
Damyean,Dotson,SG
Damyean,Dotson,SG
Daniel,Gafford,C
Daniel,Theis,C
Daniel,Gafford,C
Daniel,Oturu,C
Daniel,Theis,C
Daniel,Theis,C
Daniel,Theis,C
Daniel,Gafford,C
Daniel,Gafford,C
Daniel,Gafford,C
Daniel,Oturu,C
Daniel,Theis,C
Daniel,Theis,C
Daniel,Theis,C
Daniel,Gafford,C
Daniel,Theis,C
Danilo,Gallinari,PF
Danilo,Gallinari,PF
Danilo,Gallinari,PF
Danny,Green,SG
Danny,Green,SG
Danny,Green,SG
Danny,Green,SF
Danny,Green,SF
Danny,Green,SG
Dante,Exum,SG
Dante,Exum,SG
Dante,Exum,SG
Dante,Exum,SG
Danuel,House,SF
Danuel,House,SF
Danuel,House,SF
Danuel,House,SF
Danuel,House,SF
Danuel,House,SF
Danuel,House,SF
DaQuan,Jeffries,SG
DaQuan,Jeffries,SG
DaQuan,Jeffries,SG
DaQuan,Jeffries,SG
DaQuan,Jeffries,SG
Dario,Saric,PF
Dario,Saric,PF
Dario,Saric,C
Dario,≈†ariƒá,C
Dario,≈†ariƒá,PF
Darius,Bazley,C
Darius,Bazley,C
Darius,Bazley,C
Darius,Days,SF
Darius,Garland,PG
Darius,Bazley,PF
Darius,Garland,PG
Darius,Bazley,PF
Darius,Garland,PG
Darius,Miller,SF
Darius,Bazley,PF
Darius,Garland,SG
Darren,Collison,PG
Daryl,Macon,PG
David,Duke,SG
David,Roddy,PF
David,Duke,PG
David,Johnson,SG
David,Nwaba,SF
David,Nwaba,SF
David,Nwaba,SF
Davion,Mitchell,PG
Davion,Mitchell,PG
Davon,Reed,SG
Davon,Reed,SG
Davon,Reed,SG
Davon,Reed,SG
Day'Ron,Sharpe,C
Day'Ron,Sharpe,PF
De'Aaron,Fox,PG
De'Aaron,Fox,PG
De'Aaron,Fox,PG
De'Aaron,Fox,PG
De'Andre,Hunter,SF
De'Andre,Hunter,SF
De'Andre,Hunter,SF
De'Andre,Hunter,SF
De'Anthony,Melton,SG
De'Anthony,Melton,SG
De'Anthony,Melton,PG
De'Anthony,Melton,PG
Dean,Wade,PF
Dean,Wade,PF
Dean,Wade,PF
Dean,Wade,PF
Deandre,Ayton,C
DeAndre,Jordan,C
Deandre,Ayton,C
DeAndre,Jordan,C
DeAndre,Jordan,C
DeAndre,Jordan,C
Deandre,Ayton,C
DeAndre,Jordan,C
Deandre,Ayton,C
DeAndre,Jordan,C
DeAndre',Bembry,SF
DeAndre',Bembry,SF
DeAndre',Bembry,SF
DeAndre',Bembry,SF
DeAndre',Bembry,SG
Deividas,Sirvydis,SG
Deividas,Sirvydis,SG
DeJon,Jarreau,SG
Dejounte,Murray,SG
Dejounte,Murray,PG
Dejounte,Murray,PG
Dejounte,Murray,PG
Delon,Wright,PG
Delon,Wright,SG
Delon,Wright,PG
Delon,Wright,PG
Delon,Wright,PG
Delon,Wright,PG
DeMar,DeRozan,SF
DeMar,DeRozan,PF
DeMar,DeRozan,PF
DeMar,DeRozan,SF
DeMarcus,Cousins,C
DeMarcus,Cousins,C
DeMarcus,Cousins,C
DeMarcus,Cousins,C
DeMarcus,Cousins,C
DeMarcus,Cousins,C
DeMarre,Carroll,SF
DeMarre,Carroll,SF
DeMarre,Carroll,C
Deni,Avdija,SF
Deni,Avdija,SF
Deni,Avdija,SF
Dennis,Schroder,PG
Dennis,Smith,PG
Dennis,Schroder,PG
Dennis,Schroder,PG
Dennis,Schroder,PG
Dennis,Smith,PG
Dennis,Schroder,SG
Dennis,Smith,PG
Dennis,Smith,PG
Dennis,Smith,PG
Dennis,Schroder,PG
Dennis,Smith,PG
Denzel,Valentine,SG
Denzel,Valentine,SG
Denzel,Valentine,SG
Denzel,Valentine,SG
Denzel,Valentine,SF
Deonte,Burton,PF
Deonte,Burton,SF
Dereon,Seabron,SG
Derrick,Jones,PF
Derrick,Rose,PG
Derrick,White,SG
Derrick,Favors,C
Derrick,Jones,PF
Derrick,Rose,PG
Derrick,Walton,PG
Derrick,White,SG
Derrick,White,SG
Derrick,White,SG
Derrick,Favors,C
Derrick,Jones,SF
Derrick,Rose,PG
Derrick,Rose,PG
Derrick,Rose,PG
Derrick,White,SG
Derrick,Favors,C
Derrick,Jones,SF
Derrick,Rose,PG
Derrick,Walton,PG
Derrick,Walton,PG
Derrick,Walton,PG
Derrick,White,SG
Desmond,Bane,SG
Desmond,Bane,SG
Desmond,Bane,SG
Devin,Booker,SG
Devin,Vassell,SG
Devin,Booker,SG
Devin,Cannady,PG
Devin,Vassell,SF
Devin,Booker,SG
Devin,Cannady,PG
Devin,Vassell,SF
Devin,Booker,SG
Devon,Dotson,PG
Devon,Dotson,PG
Devon,Dotson,PG
Devon,Hall,PG
Devontae,Cacok,PF
Devontae,Cacok,PF
Devontae,Cacok,C
Devonte',Graham,PG
Devonte',Graham,PG
Devonte',Graham,PG
Devonte',Graham,PG
Devonte',Graham,PG
Devonte',Graham,PG
Dewan,Hernandez,C
Dewayne,Dedmon,C
Dewayne,Dedmon,C
Dewayne,Dedmon,C
Dewayne,Dedmon,C
Dewayne,Dedmon,C
Dewayne,Dedmon,C
Dewayne,Dedmon,C
Dewayne,Dedmon,C
Davis,Bertans,PF
Davis,Bertans,PF
Davis,Bertans,PF
Davis,Bertans,PF
Davis,Bertans,PF
Davis,Bertans,PF
Didi,Louzada,SG
Didi,Louzada,SF
Didi,Louzada,SG
Didi,Louzada,SF
Dillon,Brooks,SF
Dillon,Brooks,SF
Dillon,Brooks,SF
Dillon,Brooks,SG
Dion,Waiters,SG
Dion,Waiters,SG
Dion,Waiters,SG
Domantas,Sabonis,C
Domantas,Sabonis,PF
Domantas,Sabonis,PF
Domantas,Sabonis,PF
Domantas,Sabonis,PF
Domantas,Sabonis,PF
Dominick,Barlow,PF
Donovan,Mitchell,SG
Donovan,Williams,SG
Donovan,Mitchell,SG
Donovan,Mitchell,PG
Donovan,Mitchell,SG
Donta,Hall,PF
Donta,Hall,C
Donta,Hall,PF
Donta,Hall,C
Donte,DiVincenzo,SG
Donte,DiVincenzo,SG
Donte,DiVincenzo,SG
Donte,DiVincenzo,SG
Donte,DiVincenzo,SG
Donte,DiVincenzo,SG
Dorian,Finney-Smith,PF
Dorian,Finney-Smith,PF
Dorian,Finney-Smith,PF
Dorian,Finney-Smith,PF
Dorian,Finney-Smith,PF
Dorian,Finney-Smith,PF
Doug,McDermott,SF
Doug,McDermott,PF
Doug,McDermott,PF
Doug,McDermott,PF
Dragan,Bender,PF
Dragan,Bender,C
Dragan,Bender,PF
Draymond,Green,PF
Draymond,Green,PF
Draymond,Green,PF
Draymond,Green,PF
Drew,Eubanks,C
Drew,Eubanks,C
Drew,Eubanks,C
Drew,Eubanks,C
Drew,Eubanks,C
Drew,Eubanks,C
Dru,Smith,SG
Dru,Smith,SG
Dru,Smith,SG
Duane,Washington,SG
Duane,Washington,PG
Duncan,Robinson,SF
Duncan,Robinson,SG
Duncan,Robinson,SF
Duncan,Robinson,SG
Dusty,Hannahs,SG
Dwayne,Bacon,SG
Dwayne,Bacon,SG
Dwight,Powell,C
Dwight,Howard,C
Dwight,Powell,C
Dwight,Howard,C
Dwight,Powell,C
Dwight,Howard,C
Dwight,Powell,C
Dylan,Windler,SF
Dylan,Windler,SF
Dylan,Windler,SF
Dyson,Daniels,PG
E'Twaun,Moore,SG
E'Twaun,Moore,SG
Ed,Davis,C
Ed,Davis,C
Ed,Davis,C
Edmond,Sumner,SG
Edmond,Sumner,SG
Edmond,Sumner,SG
Elfrid,Payton,PG
Elfrid,Payton,PG
Elfrid,Payton,PG
Elie,Okobo,PG
Elijah,Hughes,SG
Elijah,Hughes,SF
Elijah,Hughes,SG
Elijah,Bryant,SG
Elijah,Hughes,SF
Emanuel,Terry,PF
Emmanuel,Mudiay,PG
Emmanuel,Mudiay,PG
Enes,Freedom,C
Enes,Freedom,C
Enes,Freedom,C
Eric,Gordon,SG
Eric,Gordon,SG
Eric,Gordon,SG
Eric,Bledsoe,PG
Eric,Gordon,SG
Eric,Paschall,PF
Eric,Bledsoe,SG
Eric,Gordon,SG
Eric,Paschall,PF
Eric,Bledsoe,PG
Eric,Gordon,SF
Eric,Mika,C
Eric,Paschall,PF
Ersan,Ilyasova,PF
Ersan,Ilyasova,PF
Eugene,Omoruyi,SF
Eugene,Omoruyi,SF
Eugene,Omoruyi,SF
Eugene,Omoruyi,SF
Evan,Fournier,SG
Evan,Mobley,PF
Evan,Fournier,SG
Evan,Mobley,PF
Evan,Fournier,SF
Evan,Fournier,SF
Evan,Fournier,SF
Evan,Fournier,SF
Evan,Turner,SG
Facundo,Campazzo,PG
Facundo,Campazzo,PG
Facundo,Campazzo,PG
Feron,Hunt,SF
Frank,Jackson,PG
Frank,Kaminsky,C
Frank,Kaminsky,C
Frank,Kaminsky,C
Frank,Ntilikina,SG
Frank,Jackson,PG
Frank,Kaminsky,C
Frank,Ntilikina,SG
Frank,Jackson,PG
Frank,Kaminsky,C
Frank,Mason,PG
Frank,Ntilikina,PG
Frank,Jackson,PG
Frank,Kaminsky,C
Frank,Mason,PG
Frank,Ntilikina,PG
Franz,Wagner,SF
Franz,Wagner,SF
Fred,VanVleet,PG
Fred,VanVleet,PG
Fred,VanVleet,SG
Fred,VanVleet,SG
Freddie,Gillespie,PF
Freddie,Gillespie,PF
Furkan,Korkmaz,SG
Furkan,Korkmaz,SG
Furkan,Korkmaz,SG
Furkan,Korkmaz,SG
Gabe,Vincent,PG
Gabe,York,SG
Gabe,Vincent,PG
Gabe,York,SG
Gabe,Vincent,PG
Gabe,Vincent,PG
Gabriel,Deck,PF
Gabriel,Lundberg,SG
Gabriel,Deck,PF
Garrett,Temple,SG
Garrett,Temple,SG
Garrett,Temple,SG
Garrett,Temple,SG
Garrison,Mathews,SG
Garrison,Mathews,SG
Garrison,Mathews,SG
Garrison,Mathews,SG
Garrison,Mathews,SG
Garrison,Mathews,SG
Gary,Harris,SG
Gary,Payton,SG
Gary,Payton,SG
Gary,Payton,SG
Gary,Trent,SG
Gary,Clark,PF
Gary,Harris,SG
Gary,Payton,SG
Gary,Trent,SG
Gary,Clark,SF
Gary,Clark,SF
Gary,Clark,SF
Gary,Clark,PF
Gary,Harris,SG
Gary,Harris,SG
Gary,Harris,SG
Gary,Payton,PG
Gary,Trent,SG
Gary,Trent,SG
Gary,Trent,SG
Gary,Clark,SF
Gary,Clark,PF
Gary,Clark,SF
Gary,Harris,SG
Gary,Payton,SF
Gary,Trent,SF
George,Hill,PG
George,Hill,PG
George,Hill,SG
George,Hill,PG
George,King,SF
George,Hill,PG
George,Hill,PG
George,Hill,PG
George,Hill,PG
Georges,Niang,PF
Georges,Niang,PF
Georges,Niang,PF
Georges,Niang,PF
Georgios,Kalaitzakis,SF
Georgios,Kalaitzakis,SF
Georgios,Kalaitzakis,SF
Giannis,Antetokounmpo,PF
Giannis,Antetokounmpo,PF
Giannis,Antetokounmpo,PF
Giannis,Antetokounmpo,PF
Glenn,Robinson,SF
Glenn,Robinson,SF
Glenn,Robinson,SF
Glenn,Robinson,SF
Goga,Bitadze,C
Goga,Bitadze,C
Goga,Bitadze,C
Goga,Bitadze,C
Goga,Bitadze,C
Goga,Bitadze,C
Goran,Dragic,PG
Goran,Dragic,PG
Goran,Dragic,PG
Goran,Dragic,PG
Goran,Dragic,PG
Goran,Dragic,PG
Goran,Dragic,PG
Goran,Dragic,PG
Gordon,Hayward,SF
Gordon,Hayward,SF
Gordon,Hayward,SF
Gordon,Hayward,SF
Gorgui,Dieng,C
Gorgui,Dieng,C
Gorgui,Dieng,C
Gorgui,Dieng,C
Gorgui,Dieng,C
Gorgui,Dieng,C
Gorgui,Dieng,C
Gorgui,Dieng,C
Grant,Williams,PF
Grant,Williams,PF
Grant,Riller,PG
Grant,Williams,PF
Grant,Williams,PF
Grayson,Allen,SG
Grayson,Allen,SG
Grayson,Allen,SG
Grayson,Allen,SG
Greg,Brown,PF
Greg,Brown,SF
Greg,Monroe,C
Greg,Monroe,C
Greg,Monroe,C
Greg,Monroe,C
Greg,Monroe,C
Greg,Whittington,PF
Hamidou,Diallo,SF
Hamidou,Diallo,SG
Hamidou,Diallo,SG
Hamidou,Diallo,SG
Hamidou,Diallo,SF
Hamidou,Diallo,SF
Harrison,Barnes,PF
Harrison,Barnes,PF
Harrison,Barnes,PF
Harrison,Barnes,PF
Harry,Giles,C
Harry,Giles,C
Hassan,Whiteside,C
Hassan,Whiteside,C
Hassan,Whiteside,C
Hassani,Gravett,PG
Haywood,Highsmith,PF
Haywood,Highsmith,SF
Henry,Ellenson,PF
Henry,Ellenson,C
Herbert,Jones,PF
Herbert,Jones,PF
Ian,Mahinmi,C
Ignas,Brazdeikis,SF
Ignas,Brazdeikis,SF
Ignas,Brazdeikis,SF
Ignas,Brazdeikis,SF
Ignas,Brazdeikis,SF
Ignas,Brazdeikis,SF
Iman,Shumpert,SG
Iman,Shumpert,SF
Immanuel,Quickley,SG
Immanuel,Quickley,PG
Immanuel,Quickley,PG
Isaac,Okoro,SF
Isaac,Bonga,SF
Isaac,Okoro,SF
Isaac,Bonga,SF
Isaac,Okoro,SG
Isaac,Bonga,SF
Isaiah,Hartenstein,C
Isaiah,Jackson,C
Isaiah,Joe,SG
Isaiah,Livers,PF
Isaiah,Mobley,PF
Isaiah,Roby,PF
Isaiah,Stewart,C
Isaiah,Todd,PF
Isaiah,Hartenstein,C
Isaiah,Jackson,C
Isaiah,Joe,SG
Isaiah,Livers,SF
Isaiah,Roby,PF
Isaiah,Stewart,C
Isaiah,Thomas,PG
Isaiah,Thomas,PG
Isaiah,Thomas,PG
Isaiah,Thomas,PG
Isaiah,Todd,PF
Isaiah,Hartenstein,C
Isaiah,Hartenstein,C
Isaiah,Hartenstein,C
Isaiah,Joe,SG
Isaiah,Roby,PF
Isaiah,Stewart,C
Isaiah,Thomas,PG
Isaiah,Hartenstein,C
Isaiah,Roby,PF
Isaiah,Thomas,PG
Ish,Smith,PG
Ish,Wainright,SF
Ish,Smith,PG
Ish,Smith,PG
Ish,Smith,PG
Ish,Wainright,PF
Ish,Smith,PG
Ish,Smith,PG
Ivica,Zubac,C
Ivica,Zubac,C
Ivica,Zubac,C
Ivica,Zubac,C
JJ,Redick,SG
JJ,Redick,SG
JJ,Redick,SG
J.J.,Barea,PG
JJ,Redick,SG
J.P.,Macura,SG
JR,Smith,SG
Ja,Morant,PG
Ja,Morant,PG
Ja,Morant,PG
Ja,Morant,PG
Jabari,Smith,PF
Jabari,Walker,SF
Jabari,Parker,PF
Jabari,Parker,PF
Jabari,Parker,PF
Jabari,Parker,PF
Jabari,Parker,PF
Jabari,Parker,PF
Jabari,Parker,PF
Jack,White,SF
Jacob,Gilyard,PG
Jacob,Evans,SG
Jacob,Evans,SG
Jacob,Evans,SG
Jaden,Hardy,SG
Jaden,Ivey,SG
Jaden,McDaniels,SF
Jaden,Springer,SG
Jaden,McDaniels,PF
Jaden,Springer,SG
Jaden,McDaniels,PF
Jae,Crowder,PF
Jae,Crowder,PF
Jae,Crowder,PF
Jae,Crowder,SF
Jae,Crowder,SF
Jae,Crowder,PF
Jae'Sean,Tate,SF
Jae'Sean,Tate,PF
Jae'Sean,Tate,SF
Jahlil,Okafor,C
Jahlil,Okafor,C
Jahmi'us,Ramsey,SG
Jahmi'us,Ramsey,SG
Jamie,Echenique,C
JaKarr,Sampson,PF
JaKarr,Sampson,PF
Jake,LaRavia,PF
Jake,Layman,SF
Jake,Layman,SF
Jake,Layman,SF
Jakob,Poeltl,C
Jakob,Poeltl,C
Jakob,Poeltl,C
Jakob,Poeltl,C
Jakob,Poeltl,C
Jakob,Poeltl,C
Jalen,Brunson,PG
Jalen,Duren,C
Jalen,Green,SG
Jalen,Johnson,SF
Jalen,McDaniels,SF
Jalen,McDaniels,SF
Jalen,McDaniels,SF
Jalen,Smith,C
Jalen,Suggs,SG
Jalen,Williams,SG
Jalen,Brunson,SG
Jalen,Green,SG
Jalen,Johnson,PF
Jalen,McDaniels,SF
Jalen,Smith,PF
Jalen,Smith,PF
Jalen,Smith,PF
Jalen,Suggs,PG
Jalen,Brunson,PG
Jalen,Harris,SG
Jalen,Lecque,PG
Jalen,McDaniels,SF
Jalen,Smith,PF
Jalen,Brunson,PG
Jalen,Lecque,SG
Jalen,McDaniels,SF
Jamal,Cain,PF
Jamal,Murray,PG
Jamal,Murray,PG
Jamal,Crawford,SG
Jamal,Murray,PG
Jamaree,Bouyea,PG
Jamaree,Bouyea,PG
Jamaree,Bouyea,PG
James,Bouknight,SG
James,Harden,PG
James,Johnson,PF
James,Wiseman,C
James,Wiseman,C
James,Wiseman,C
James,Bouknight,SG
James,Ennis,SF
James,Ennis,SF
James,Ennis,SF
James,Ennis,SF
James,Harden,PG
James,Harden,PG
James,Harden,PG
James,Johnson,PF
James,Ennis,SF
James,Harden,PG
James,Harden,PG
James,Harden,PG
James,Johnson,PF
James,Johnson,PF
James,Johnson,PF
James,Nunnally,SF
James,Wiseman,C
James,Ennis,SF
James,Ennis,SF
James,Ennis,SG
James,Harden,SG
James,Johnson,PF
James,Johnson,PF
James,Johnson,C
Jamorko,Pickett,PF
JaMychal,Green,PF
JaMychal,Green,PF
JaMychal,Green,PF
JaMychal,Green,PF
JaQuori,McLaughlin,PG
Jared,Butler,PG
Jared,Rhoden,SG
Jared,Butler,SG
Jared,Harper,PG
Jared,Dudley,PF
Jared,Harper,PG
Jared,Dudley,PF
Jared,Harper,PG
Jaren,Jackson,C
Jaren,Jackson,PF
Jaren,Jackson,C
Jaren,Jackson,C
Jarred,Vanderbilt,PF
Jarred,Vanderbilt,PF
Jarred,Vanderbilt,PF
Jarred,Vanderbilt,PF
Jarred,Vanderbilt,PF
Jarred,Vanderbilt,PF
Jarred,Vanderbilt,PF
Jarred,Vanderbilt,PF
Jarrell,Brantley,PF
Jarrell,Brantley,PF
Jarrell,Brantley,PF
Jarrett,Allen,C
Jarrett,Culver,SF
Jarrett,Allen,C
Jarrett,Culver,SG
Jarrett,Allen,C
Jarrett,Allen,C
Jarrett,Allen,C
Jarrett,Culver,SG
Jarrett,Allen,C
Jarrett,Culver,SG
Jarrod,Uthoff,PF
Jarrod,Uthoff,PF
Jarrod,Uthoff,PF
Jarron,Cumberland,SG
Jason,Preston,PG
JaVale,McGee,C
JaVale,McGee,C
JaVale,McGee,C
JaVale,McGee,C
JaVale,McGee,C
JaVale,McGee,C
Javin,DeLaurier,C
Javonte,Green,SF
Javonte,Green,SF
Javonte,Smart,PG
Javonte,Smart,PG
Javonte,Smart,PG
Javonte,Green,SF
Javonte,Green,SF
Javonte,Green,SG
Javonte,Green,SG
Jaxson,Hayes,C
Jaxson,Hayes,C
Jaxson,Hayes,C
Jaxson,Hayes,C
Jay,Huff,C
Jay,Scrubb,SG
Jay,Huff,C
Jay,Scrubb,SG
Jay,Scrubb,SG
Jaylen,Brown,SF
Jaylen,Nowell,SG
Jaylen,Brown,SF
Jaylen,Hoard,SF
Jaylen,Morris,SG
Jaylen,Nowell,SG
Jaylen,Adams,PG
Jaylen,Brown,SG
Jaylen,Hoard,SF
Jaylen,Nowell,SG
Jaylen,Brown,SG
Jaylen,Hoard,PF
Jaylen,Nowell,SG
Jaylin,Williams,C
Jaysean,Paige,PG
Jayson,Tatum,SF
Jayson,Tatum,SF
Jayson,Tatum,SF
Jayson,Tatum,PF
JD,Davison,SG
Jeenathan,Williams,SG
Jeff,Dowtin,PG
Jeff,Green,PF
Jeff,Dowtin,PG
Jeff,Dowtin,PG
Jeff,Dowtin,PG
Jeff,Dowtin,PG
Jeff,Green,PF
Jeff,Green,PF
Jeff,Teague,PG
Jeff,Teague,PG
Jeff,Teague,PG
Jeff,Green,PF
Jeff,Green,PF
Jeff,Green,C
Jeff,Teague,PG
Jeff,Teague,PG
Jeff,Teague,PG
Jemerrio,Jones,SF
Jerami,Grant,PF
Jerami,Grant,PF
Jerami,Grant,SF
Jerami,Grant,PF
Jeremiah,Robinson-Earl,PF
Jeremiah,Robinson-Earl,C
Jeremiah,Martin,PG
Jeremiah,Martin,PG
Jeremy,Sochan,PF
Jeremy,Lamb,SF
Jeremy,Lamb,SF
Jeremy,Lamb,SG
Jeremy,Lamb,SG
Jeremy,Lamb,SG
Jeremy,Pargo,PG
Jerian,Grant,SG
Jericho,Sims,C
Jericho,Sims,PF
Jerome,Robinson,SG
Jerome,Robinson,SG
Jerome,Robinson,SG
Jerome,Robinson,SG
Jevon,Carter,PG
Jevon,Carter,PG
Jevon,Carter,PG
Jevon,Carter,PG
Jevon,Carter,PG
Jevon,Carter,PG
Jimmy,Butler,PF
Jimmy,Butler,SF
Jimmy,Butler,SF
Jimmy,Butler,SF
Joakim,Noah,C
Jock,Landale,C
Jock,Landale,C
Joe,Harris,SF
Joe,Ingles,SF
Joe,Wieskamp,SF
Joe,Harris,SF
Joe,Ingles,SF
Joe,Johnson,SG
Joe,Wieskamp,SG
Joe,Harris,SF
Joe,Ingles,SF
Joe,Chealey,PG
Joe,Harris,SF
Joe,Ingles,PF
Joel,Embiid,C
Joel,Ayayi,SG
Joel,Embiid,C
Joel,Embiid,C
Joel,Embiid,C
John,Butler,C
John,Collins,PF
John,Konchar,SF
John,Wall,PG
John,Collins,PF
John,Konchar,SG
John,Collins,PF
John,Konchar,SG
John,Wall,PG
John,Collins,PF
John,Henson,C
John,Henson,C
John,Henson,C
John,Konchar,SG
Johnathan,Motley,PF
Johnathan,Williams,PF
Johnny,Davis,SG
Johnny,Juzang,SG
Jon,Teske,C
Jonah,Bolden,C
Jonah,Bolden,C
Jonah,Bolden,C
Jonas,Valanciunas,C
Jonas,Valanciunas,C
Jonas,Valanciunas,C
Jonas,Valanciunas,C
Jonathan,Isaac,PF
Jonathan,Kuminga,PF
Jonathan,Kuminga,SF
Jonathan,Isaac,PF
Jontay,Porter,PF
Jordan,Clarkson,SG
Jordan,Goodwin,PG
Jordan,Hall,SF
Jordan,McLaughlin,PG
Jordan,Nwora,SF
Jordan,Nwora,SF
Jordan,Nwora,SF
Jordan,Poole,PG
Jordan,Schakel,SF
Jordan,Bell,C
Jordan,Clarkson,SG
Jordan,Goodwin,SG
Jordan,McLaughlin,PG
Jordan,Nwora,SF
Jordan,Poole,SG
Jordan,Schakel,SG
Jordan,Bell,C
Jordan,Bell,C
Jordan,Bell,C
Jordan,Bone,PG
Jordan,Clarkson,SG
Jordan,McLaughlin,PG
Jordan,Nwora,SF
Jordan,Poole,SG
Jordan,Bell,C
Jordan,Bell,C
Jordan,Bell,C
Jordan,Bone,PG
Jordan,Clarkson,SG
Jordan,Clarkson,SG
Jordan,Clarkson,SG
Jordan,McLaughlin,PG
Jordan,McRae,SG
Jordan,McRae,SG
Jordan,McRae,SG
Jordan,McRae,SG
Jordan,Poole,SG
Jose,Alvarado,PG
Jose,Alvarado,PG
Josh,Christopher,SG
Josh,Giddey,PF
Josh,Green,SG
Josh,Hart,SF
Josh,Hart,SF
Josh,Hart,SF
Josh,Minott,SF
Josh,Okogie,SG
Josh,Richardson,SG
Josh,Richardson,SG
Josh,Richardson,SG
Josh,Christopher,SG
Josh,Giddey,SF
Josh,Green,SG
Josh,Hart,SG
Josh,Hart,SG
Josh,Hart,SG
Josh,Jackson,SF
Josh,Jackson,SF
Josh,Jackson,SF
Josh,Okogie,SG
Josh,Richardson,SG
Josh,Richardson,SG
Josh,Richardson,SG
Josh,Green,SG
Josh,Hall,SF
Josh,Hart,SF
Josh,Jackson,SG
Josh,Okogie,SG
Josh,Richardson,SG
Josh,Gray,PG
Josh,Hart,SF
Josh,Jackson,SF
Josh,Magette,PG
Josh,Okogie,SG
Josh,Reaves,SF
Josh,Richardson,SG
Joshua,Primo,SG
Joshua,Primo,SF
Jrue,Holiday,PG
Jrue,Holiday,PG
Jrue,Holiday,PG
Jrue,Holiday,SG
JT,Thor,PF
JT,Thor,PF
Juan,Toscano-Anderson,SF
Juan,Toscano-Anderson,SF
Juan,Toscano-Anderson,SF
Juan,Toscano-Anderson,SF
Juan,Toscano-Anderson,SG
Juan,Toscano-Anderson,SG
Juancho,Hernangomez,PF
Juancho,Hernangomez,PF
Juancho,Hernangomez,PF
Juancho,Hernangomez,PF
Juancho,Hernangomez,PF
Juancho,Hernangomez,PF
Juancho,Hernangomez,PF
Juancho,Hernangomez,PF
Juancho,Hernangomez,PF
Julian,Champagnie,SF
Julian,Champagnie,SF
Julian,Champagnie,SF
Julius,Randle,PF
Julius,Randle,PF
Julius,Randle,PF
Julius,Randle,PF
Justin,Champagnie,SF
Justin,Champagnie,SF
Justin,Champagnie,SF
Justin,Holiday,SF
Justin,Holiday,SF
Justin,Holiday,SF
Justin,Jackson,SF
Justin,Minaya,SF
Justin,Anderson,SF
Justin,Anderson,SF
Justin,Anderson,SF
Justin,Champagnie,SF
Justin,Holiday,SF
Justin,Holiday,SF
Justin,Holiday,SG
Justin,Jackson,SF
Justin,Jackson,SF
Justin,Jackson,SF
Justin,Robinson,PG
Justin,Robinson,PG
Justin,Robinson,PG
Justin,Robinson,PG
Justin,Holiday,SG
Justin,Jackson,SF
Justin,Jackson,SF
Justin,Jackson,SF
Justin,James,SF
Justin,Patton,C
Justin,Robinson,PG
Justin,Anderson,SG
Justin,Holiday,SF
Justin,Jackson,PF
Justin,James,SF
Justin,Patton,C
Justin,Robinson,PG
Justin,Wright-Foreman,PG
Justise,Winslow,PF
Justise,Winslow,PF
Justise,Winslow,PF
Justise,Winslow,PF
Justise,Winslow,SF
Justise,Winslow,SG
Jusuf,Nurkic,C
Jusuf,Nurkic,C
Jusuf,Nurkic,C
Jusuf,Nurkic,C
Juwan,Morgan,PF
Juwan,Morgan,PF
Juwan,Morgan,PF
Juwan,Morgan,PF
Juwan,Morgan,PF
Kadeem,Allen,PG
Kai,Jones,C
Kai,Jones,C
Karim,Mane,PG
Karl-Anthony,Towns,PF
Karl-Anthony,Towns,C
Karl-Anthony,Towns,C
Karl-Anthony,Towns,C
Kawhi,Leonard,SF
Kawhi,Leonard,SF
Kawhi,Leonard,SF
Keegan,Murray,SF
Keifer,Sykes,PG
Keita,Bates-Diop,PF
Keita,Bates-Diop,SF
Keita,Bates-Diop,SF
Keita,Bates-Diop,PF
Keita,Bates-Diop,PF
Keita,Bates-Diop,SF
Kelan,Martin,SF
Kelan,Martin,SF
Kelan,Martin,SF
Kelan,Martin,SF
Kelan,Martin,SF
Keldon,Johnson,SF
Keldon,Johnson,SF
Keldon,Johnson,SF
Keldon,Johnson,SF
Keljin,Blevins,SF
Keljin,Blevins,SF
Kelly,Olynyk,C
Kelly,Oubre,SF
Kelly,Olynyk,C
Kelly,Oubre,SF
Kelly,Olynyk,C
Kelly,Olynyk,C
Kelly,Olynyk,PF
Kelly,Oubre,SF
Kelly,Olynyk,C
Kelly,Oubre,SF
Kemba,Walker,PG
Kemba,Walker,PG
Kemba,Walker,PG
Kemba,Walker,PG
Kendall,Brown,SG
Kendrick,Nunn,SG
Kendrick,Nunn,SG
Kendrick,Nunn,SG
Kendrick,Nunn,PG
Kendrick,Nunn,PG
Kennedy,Chandler,PG
Kenneth,Lofton,PF
Kenrich,Williams,PF
Kenrich,Williams,SF
Kenrich,Williams,PF
Kenrich,Williams,PF
Kent,Bazemore,SF
Kent,Bazemore,SF
Kent,Bazemore,SF
Kent,Bazemore,SF
Kent,Bazemore,SF
Kentavious,Caldwell-Pope,SG
Kentavious,Caldwell-Pope,SG
Kentavious,Caldwell-Pope,SG
Kentavious,Caldwell-Pope,SG
Kenyon,Martin,SF
Kenyon,Martin,SF
Kenyon,Martin,SF
Keon,Ellis,SG
Keon,Johnson,SG
Keon,Johnson,SG
Keon,Johnson,SG
Keon,Johnson,SG
Kessler,Edwards,SF
Kessler,Edwards,SF
Kessler,Edwards,SF
Kessler,Edwards,SF
Kevin,Durant,PF
Kevin,Durant,PF
Kevin,Durant,PF
Kevin,Huerter,SG
Kevin,Knox,SF
Kevin,Knox,SF
Kevin,Knox,PF
Kevin,Love,PF
Kevin,Love,PF
Kevin,Love,PF
Kevin,Porter,PG
Kevin,Durant,PF
Kevin,Huerter,SF
Kevin,Knox,SF
Kevin,Knox,SF
Kevin,Knox,SF
Kevin,Love,C
Kevin,Pangos,PG
Kevin,Porter,PG
Kevin,Durant,PF
Kevin,Huerter,SG
Kevin,Knox,SF
Kevin,Love,PF
Kevin,Porter,SG
Kevin,Hervey,PF
Kevin,Huerter,SG
Kevin,Knox,SF
Kevin,Love,PF
Kevin,Porter,SF
Kevon,Harris,SG
Kevon,Looney,C
Kevon,Looney,C
Kevon,Looney,C
Kevon,Looney,C
Khem,Birch,C
Khem,Birch,C
Khem,Birch,C
Khem,Birch,C
Khem,Birch,C
Khem,Birch,C
Khris,Middleton,SF
Khris,Middleton,SF
Khris,Middleton,SF
Khris,Middleton,SF
Khyri,Thomas,SG
Khyri,Thomas,SG
Killian,Hayes,PG
Killian,Hayes,PG
Killian,Tillie,C
Killian,Hayes,PG
Killian,Tillie,C
Kira,Lewis,PG
Kira,Lewis,PG
Kira,Lewis,PG
Klay,Thompson,SF
Klay,Thompson,SG
Kobi,Simmons,SG
Kostas,Antetokounmpo,PF
Kostas,Antetokounmpo,PF
Kris,Dunn,PG
Kris,Dunn,PG
Kris,Dunn,PG
Kris,Dunn,PG
Kristaps,Porzingis,C
Kristaps,Porzingis,PF
Kristaps,Porzingis,PF
Kristaps,Porzingis,PF
Kristaps,Porzingis,C
Kristaps,Porzingis,C
Ky,Bowman,PG
Kyle,Anderson,PF
Kyle,Kuzma,PF
Kyle,Lowry,PG
Kyle,Anderson,PF
Kyle,Guy,SG
Kyle,Kuzma,PF
Kyle,Lowry,PG
Kyle,Anderson,PF
Kyle,Guy,PG
Kyle,Kuzma,SF
Kyle,Lowry,PG
Kyle,Alexander,C
Kyle,Anderson,SF
Kyle,Guy,SG
Kyle,Korver,SF
Kyle,Kuzma,PF
Kyle,Lowry,PG
Kyle,O'Quinn,C
Kyrie,Irving,PG
Kyrie,Irving,PG
Kyrie,Irving,SG
Kyrie,Irving,PG
Kyrie,Irving,PG
Kyrie,Irving,PG
KZ,Okpala,PF
KZ,Okpala,PF
KZ,Okpala,PF
KZ,Okpala,PF
Lamar,Stevens,SF
Lamar,Stevens,PF
Lamar,Stevens,PF
LaMarcus,Aldridge,C
LaMarcus,Aldridge,C
LaMarcus,Aldridge,C
LaMarcus,Aldridge,C
LaMarcus,Aldridge,C
LaMelo,Ball,PG
LaMelo,Ball,PG
LaMelo,Ball,PG
Lance,Stephenson,PG
Lance,Stephenson,SG
Lance,Stephenson,PG
Lance,Thomas,PF
Landry,Shamet,SG
Landry,Shamet,SG
Landry,Shamet,SG
Landry,Shamet,SG
Langston,Galloway,SG
Langston,Galloway,SG
Langston,Galloway,SG
Langston,Galloway,SG
Langston,Galloway,SG
Larry,Nance,C
Larry,Nance,C
Larry,Nance,C
Larry,Nance,PF
Larry,Nance,PF
Larry,Nance,PF
Lauri,Markkanen,PF
Lauri,Markkanen,SF
Lauri,Markkanen,PF
Lauri,Markkanen,PF
Leandro,Bolmaro,SF
Leandro,Bolmaro,SF
LeBron,James,PF
LeBron,James,C
LeBron,James,PG
LeBron,James,PG
Lester,Quinones,SG
Lindell,Wigginton,PG
Lindell,Wigginton,PG
Lindy,Waters,SG
Lindy,Waters,SG
Lonnie,Walker,SG
Lonnie,Walker,SG
Lonnie,Walker,SG
Lonnie,Walker,SG
Lonzo,Ball,PG
Lonzo,Ball,PG
Lonzo,Ball,PG
Lou,Williams,PG
Lou,Williams,PG
Lou,Williams,PG
Lou,Williams,PG
Lou,Williams,PG
Louis,King,PF
Louis,King,SF
Louis,King,SF
Louis,King,SF
Luc,Mbah,PF
Luguentz,Dort,SF
Luguentz,Dort,SG
Luguentz,Dort,SG
Luguentz,Dort,SF
Luka,Doncic,PG
Luka,Garza,C
Luka,Samanic,PF
Luka,Doncic,PG
Luka,Garza,C
Luka,Doncic,PG
Luka,Samanic,PF
Luka,Doncic,PG
Luka,Samanic,PF
Luke,Kennard,SG
Luke,Kennard,SG
Luke,Kennard,SG
Luke,Kornet,C
Luke,Kennard,SG
Luke,Kornet,C
Luke,Kornet,C
Luke,Kornet,C
Luke,Kornet,C
Luke,Kennard,SG
Luke,Kornet,C
Luke,Kornet,C
Luke,Kornet,C
Luke,Kennard,SG
Luke,Kornet,C
MJ,Walker,SG
Mac,McClung,SG
Mac,McClung,SG
Mac,McClung,PG
Mac,McClung,SG
Malachi,Flynn,PG
Malachi,Flynn,PG
Malachi,Flynn,PG
Malaki,Branham,SG
Malcolm,Brogdon,PG
Malcolm,Hill,SF
Malcolm,Brogdon,PG
Malcolm,Hill,SF
Malcolm,Hill,SG
Malcolm,Hill,SF
Malcolm,Brogdon,PG
Malcolm,Brogdon,PG
Malcolm,Miller,SF
Malik,Beasley,SG
Malik,Beasley,SG
Malik,Beasley,SG
Malik,Monk,SG
Malik,Beasley,SG
Malik,Fitts,PF
Malik,Fitts,PF
Malik,Fitts,PF
Malik,Monk,SG
Malik,Newman,PG
Malik,Beasley,SG
Malik,Fitts,PF
Malik,Monk,SG
Malik,Beasley,SG
Malik,Beasley,SG
Malik,Beasley,SG
Malik,Monk,SG
Malik,Newman,SG
Mamadi,Diakite,C
Mamadi,Diakite,PF
Mamadi,Diakite,PF
Marc,Gasol,C
Marc,Gasol,C
Marco,Belinelli,SG
Marcus,Morris,PF
Marcus,Smart,PG
Marcus,Garrett,SG
Marcus,Morris,PF
Marcus,Smart,PG
Marcus,Morris,PF
Marcus,Smart,PG
Marcus,Morris,SF
Marcus,Morris,SF
Marcus,Morris,PF
Marcus,Smart,SG
Marial,Shayok,SG
Mario,Hezonja,PF
MarJon,Beauchamp,SF
Mark,Williams,C
Markelle,Fultz,PG
Markelle,Fultz,PG
Markelle,Fultz,PG
Markelle,Fultz,PG
Markieff,Morris,PF
Markieff,Morris,PF
Markieff,Morris,PF
Markieff,Morris,PF
Markieff,Morris,PF
Markieff,Morris,PF
Markieff,Morris,PF
Markieff,Morris,PF
Marko,Simonovic,C
Marko,Simonovic,C
Marko,Guduric,SG
Markus,Howard,SG
Markus,Howard,SG
Marques,Bolden,C
Marques,Bolden,C
Marquese,Chriss,PF
Marquese,Chriss,PF
Marquese,Chriss,PF
Marvin,Bagley,C
Marvin,Bagley,PF
Marvin,Bagley,PF
Marvin,Bagley,PF
Marvin,Bagley,PF
Marvin,Bagley,C
Marvin,Williams,PF
Marvin,Williams,PF
Marvin,Williams,PF
Mason,Plumlee,C
Mason,Plumlee,C
Mason,Plumlee,C
Mason,Jones,SG
Mason,Plumlee,C
Mason,Jones,SG
Mason,Jones,SG
Mason,Jones,SG
Mason,Plumlee,C
Mason,Plumlee,C
Matisse,Thybulle,SF
Matisse,Thybulle,SF
Matisse,Thybulle,SG
Matisse,Thybulle,SG
Matisse,Thybulle,SG
Matisse,Thybulle,SG
Matt,Ryan,SF
Matt,Ryan,SF
Matt,Ryan,SF
Matt,Mooney,SG
Matt,Ryan,SF
Matt,Thomas,SG
Matt,Thomas,SG
Matt,Thomas,SG
Matt,Thomas,SG
Matt,Mooney,SG
Matt,Thomas,SG
Matthew,Dellavedova,PG
Matthew,Dellavedova,PG
Matthew,Dellavedova,PG
Maurice,Harkless,SF
Maurice,Harkless,PF
Maurice,Harkless,SF
Maurice,Harkless,PF
Maurice,Harkless,PF
Maurice,Harkless,PF
Maurice,Harkless,SF
Max,Christie,SG
Max,Strus,SF
Max,Strus,SF
Max,Strus,SF
Max,Strus,SF
Maxi,Kleber,PF
Maxi,Kleber,PF
Maxi,Kleber,PF
Maxi,Kleber,PF
McKinley,Wright,PG
McKinley,Wright,PG
Melvin,Frazier,SG
Melvin,Frazier,SG
Meyers,Leonard,C
Meyers,Leonard,C
Meyers,Leonard,C
Mfiondu,Kabengele,PF
Mfiondu,Kabengele,PF
Mfiondu,Kabengele,PF
Mfiondu,Kabengele,PF
Mfiondu,Kabengele,C
Micah,Potter,PF
Micah,Potter,C
Michael,Carter-Williams,PG
Michael,Foster,PF
Michael,Porter,SF
Michael,Porter,SF
Michael,Carter-Williams,SG
Michael,Porter,SF
Michael,Carter-Williams,SG
Michael,Frazier,SG
Michael,Kidd-Gilchrist,PF
Michael,Kidd-Gilchrist,PF
Michael,Kidd-Gilchrist,PF
Michael,Porter,SF
Mikal,Bridges,SF
Mikal,Bridges,SF
Mikal,Bridges,SG
Mikal,Bridges,SF
Mikal,Bridges,SF
Mikal,Bridges,SF
Mike,Conley,PG
Mike,Conley,PG
Mike,Conley,PG
Mike,Muscala,C
Mike,Muscala,C
Mike,Muscala,C
Mike,Conley,PG
Mike,Muscala,C
Mike,Conley,PG
Mike,James,PG
Mike,Muscala,C
Mike,Scott,PF
Mike,Conley,PG
Mike,Muscala,C
Mike,Scott,PF
Miles,McBride,PG
Miles,Bridges,PF
Miles,McBride,PG
Miles,Bridges,PF
Miles,Bridges,SF
Mitchell,Robinson,C
Mitchell,Robinson,C
Mitchell,Robinson,C
Mitchell,Robinson,C
Miye,Oni,SG
Miye,Oni,SG
Miye,Oni,SF
Mo,Bamba,C
Mo,Bamba,C
Mo,Bamba,C
Mo,Bamba,C
Mo,Bamba,C
Mo,Bamba,C
Monte,Morris,PG
Monte,Morris,PG
Monte,Morris,PG
Monte,Morris,PG
Montrezl,Harrell,C
Montrezl,Harrell,C
Montrezl,Harrell,C
Montrezl,Harrell,C
Montrezl,Harrell,C
Montrezl,Harrell,C
Moritz,Wagner,C
Moritz,Wagner,C
Moritz,Wagner,C
Moritz,Wagner,C
Moritz,Wagner,C
Moritz,Wagner,C
Moritz,Wagner,C
Moses,Brown,C
Moses,Brown,C
Moses,Brown,C
Moses,Moody,SG
Moses,Brown,C
Moses,Brown,C
Moses,Brown,C
Moses,Moody,SG
Moses,Wright,PF
Moses,Wright,PF
Moses,Wright,PF
Moses,Brown,C
Moses,Brown,C
Moussa,Diabate,C
Mychal,Mulder,PG
Mychal,Mulder,PG
Mychal,Mulder,PG
Mychal,Mulder,PG
Mychal,Mulder,SF
Myles,Turner,C
Myles,Powell,PG
Myles,Turner,C
Myles,Turner,C
Myles,Turner,C
Naji,Marshall,SF
Naji,Marshall,SF
Naji,Marshall,SF
Nassir,Little,SF
Nassir,Little,SF
Nassir,Little,PF
Nassir,Little,PF
Nate,Hinton,SG
Nate,Darling,SG
Nate,Hinton,SG
Nathan,Knight,C
Nathan,Knight,PF
Nathan,Knight,PF
Naz,Reid,C
Naz,Reid,C
Naz,Reid,C
Naz,Mitrou-Long,SG
Naz,Reid,C
Neemias,Queta,C
Neemias,Queta,C
Nemanja,Bjelica,C
Nemanja,Bjelica,PF
Nemanja,Bjelica,PF
Nemanja,Bjelica,PF
Nemanja,Bjelica,PF
Nerlens,Noel,C
Nerlens,Noel,C
Nerlens,Noel,C
Nerlens,Noel,C
Nerlens,Noel,C
Nerlens,Noel,C
Nic,Claxton,C
Nic,Claxton,C
Nic,Claxton,C
Nic,Claxton,C
Nick,Richards,C
Nick,Richards,C
Nick,Richards,PF
Nickeil,Alexander-Walker,SG
Nickeil,Alexander-Walker,SG
Nickeil,Alexander-Walker,SG
Nickeil,Alexander-Walker,SG
Nickeil,Alexander-Walker,SG
Nickeil,Alexander-Walker,SG
Nickeil,Alexander-Walker,SG
Nickeil,Alexander-Walker,SG
Nico,Mannion,PG
Nicolo,Melli,PF
Nicolo,Melli,PF
Nicolo,Melli,PF
Nicolo,Melli,C
Nicolas,Batum,PF
Nicolas,Batum,PF
Nicolas,Batum,SF
Nicolas,Batum,SF
Nigel,Williams-Goss,PG
Nik,Stauskas,SG
Nik,Stauskas,SG
Nik,Stauskas,SG
Nikola,Jokic,C
Nikola,Jovic,PF
Nikola,Vucevic,C
Nikola,Jokic,C
Nikola,Vucevic,C
Nikola,Jokic,C
Nikola,Vucevic,C
Nikola,Vucevic,C
Nikola,Vucevic,C
Nikola,Jovic,C
Nikola,Vucevic,C
Noah,Vonleh,C
Noah,Vonleh,C
Noah,Vonleh,C
Noah,Vonleh,C
Noah,Vonleh,C
Norman,Powell,SG
Norman,Powell,SF
Norman,Powell,SF
Norman,Powell,SG
Norman,Powell,SG
Norman,Powell,SG
Norman,Powell,SF
Norman,Powell,SG
Norvel,Pelle,C
Norvel,Pelle,C
Norvel,Pelle,C
Norvel,Pelle,C
Norvel,Pelle,C
Norvel,Pelle,C
Obi,Toppin,PF
Obi,Toppin,PF
Obi,Toppin,PF
Ochai,Agbaji,SG
O.G.,Anunoby,SF
O.G.,Anunoby,SF
O.G.,Anunoby,SF
O.G.,Anunoby,SF
Olivier,Sarr,C
Olivier,Sarr,C
Omari,Spellman,C
Omer,Yurtseven,C
Omer,Yurtseven,C
Onyeka,Okongwu,C
Onyeka,Okongwu,C
Onyeka,Okongwu,C
Orlando,Robinson,C
Oshae,Brissett,PF
Oshae,Brissett,SF
Oshae,Brissett,SF
Oshae,Brissett,SF
Otto,Porter,SF
Otto,Porter,PF
Otto,Porter,SF
Otto,Porter,SF
Otto,Porter,PF
Otto,Porter,SF
Ousmane,Dieng,PF
P.J.,Tucker,PF
P.J.,Washington,PF
P.J.,Tucker,PF
P.J.,Washington,C
P.J.,Tucker,PF
P.J.,Tucker,PF
P.J.,Tucker,PF
P.J.,Washington,PF
P.J.,Tucker,PF
P.J.,Washington,PF
Paolo,Banchero,PF
Paris,Bass,SF
Pascal,Siakam,PF
Pascal,Siakam,PF
Pascal,Siakam,PF
Pascal,Siakam,PF
Pat,Connaughton,SF
Pat,Connaughton,SF
Pat,Connaughton,SG
Pat,Connaughton,SG
Patrick,Baldwin,SF
Patrick,Beverley,SG
Patrick,Beverley,SG
Patrick,Beverley,PG
Patrick,Williams,PF
Patrick,Beverley,PG
Patrick,Williams,PF
Patrick,Beverley,PG
Patrick,McCaw,SF
Patrick,Patterson,PF
Patrick,Williams,PF
Patrick,Beverley,PG
Patrick,McCaw,SF
Patrick,Patterson,PF
Patty,Mills,PG
Patty,Mills,SG
Patty,Mills,PG
Patty,Mills,PG
Paul,George,SF
Paul,Reed,C
Paul,George,PF
Paul,Millsap,C
Paul,Millsap,C
Paul,Millsap,C
Paul,Reed,C
Paul,Watson,SF
Paul,George,SF
Paul,Millsap,PF
Paul,Reed,PF
Paul,Watson,SF
Paul,George,SF
Paul,Millsap,PF
Paul,Watson,SF
Paul,Watson,SF
Paul,Watson,SF
Payton,Pritchard,PG
Payton,Pritchard,PG
Payton,Pritchard,SG
Petr,Cornelie,PF
Peyton,Watson,SG
PJ,Dozier,SF
PJ,Dozier,SG
PJ,Dozier,SG
PJ,Dozier,SG
Precious,Achiuwa,C
Precious,Achiuwa,C
Precious,Achiuwa,PF
Quentin,Grimes,SG
Quentin,Grimes,SG
Quenton,Jackson,PG
Quinn,Cook,PG
Quinn,Cook,PG
Quinn,Cook,PG
Quinn,Cook,PG
Quinndary,Weatherspoon,SG
Quinndary,Weatherspoon,SG
Quinndary,Weatherspoon,SG
R.J.,Hampton,SG
R.J.,Hampton,SG
R.J.,Hampton,SG
R.J.,Hampton,SG
R.J.,Hampton,SG
R.J.,Hampton,SG
R.J.,Hampton,SG
RaiQuan,Gray,PF
Rajon,Rondo,PG
Rajon,Rondo,PG
Rajon,Rondo,PG
Rajon,Rondo,PG
Rajon,Rondo,PG
Rajon,Rondo,PG
Rajon,Rondo,PG
Raul,Neto,PG
Raul,Neto,PG
Raul,Neto,PG
Raul,Neto,PG
Ray,Spalding,C
Rayjon,Tucker,SG
Rayjon,Tucker,SG
Rayjon,Tucker,SG
Rayjon,Tucker,PG
Rayjon,Tucker,SG
Reggie,Bullock,SF
Reggie,Jackson,PG
Reggie,Jackson,PG
Reggie,Jackson,PG
Reggie,Bullock,SF
Reggie,Jackson,SG
Reggie,Perry,PF
Reggie,Perry,PF
Reggie,Perry,PF
Reggie,Bullock,SF
Reggie,Jackson,SG
Reggie,Perry,PF
Reggie,Bullock,SG
Reggie,Jackson,PG
Reggie,Jackson,PG
Reggie,Jackson,PG
Richaun,Holmes,C
Richaun,Holmes,C
Richaun,Holmes,C
Richaun,Holmes,C
Ricky,Rubio,PG
Ricky,Rubio,PG
Ricky,Rubio,PG
Ricky,Rubio,PG
RJ,Barrett,SG
RJ,Barrett,SF
RJ,Nembhard,SG
RJ,Barrett,SG
RJ,Barrett,SG
Rob,Edwards,SG
Robert,Covington,PF
Robert,Williams,C
Robert,Covington,PF
Robert,Covington,PF
Robert,Covington,PF
Robert,Williams,C
Robert,Woodard,SF
Robert,Covington,PF
Robert,Franks,PF
Robert,Williams,C
Robert,Woodard,SF
Robert,Covington,PF
Robert,Covington,PF
Robert,Covington,C
Robert,Williams,C
Robin,Lopez,C
Robin,Lopez,C
Robin,Lopez,C
Robin,Lopez,C
Rodions,Kurucs,SF
Rodions,Kurucs,PF
Rodions,Kurucs,SF
Rodions,Kurucs,SF
Rodions,Kurucs,PF
Rodney,McGruder,SG
Rodney,Hood,PF
Rodney,Hood,PF
Rodney,Hood,SF
Rodney,McGruder,SG
Rodney,Hood,SF
Rodney,Hood,SF
Rodney,Hood,SF
Rodney,McGruder,SG
Rodney,Hood,SF
Rodney,McGruder,SG
Romeo,Langford,SG
Romeo,Langford,SG
Romeo,Langford,SG
Romeo,Langford,SG
Romeo,Langford,SG
Romeo,Langford,SG
Ron,Harper,PF
Rondae,Hollis-Jefferson,PF
Rondae,Hollis-Jefferson,PF
Royce,O'Neale,SF
Royce,O'Neale,SF
Royce,O'Neale,SF
Royce,O'Neale,SF
Rudy,Gay,PF
Rudy,Gobert,C
Rudy,Gay,PF
Rudy,Gobert,C
Rudy,Gay,PF
Rudy,Gobert,C
Rudy,Gay,PF
Rudy,Gobert,C
Rui,Hachimura,PF
Rui,Hachimura,PF
Rui,Hachimura,PF
Rui,Hachimura,PF
Rui,Hachimura,PF
Rui,Hachimura,PF
Russell,Westbrook,PG
Russell,Westbrook,PG
Russell,Westbrook,PG
Russell,Westbrook,PG
Russell,Westbrook,PG
Russell,Westbrook,PG
Ryan,Arcidiacono,PG
Ryan,Arcidiacono,PG
Ryan,Arcidiacono,PG
Ryan,Rollins,PG
Ryan,Arcidiacono,PG
Ryan,Arcidiacono,PG
Ryan,Anderson,C
Ryan,Arcidiacono,PG
Ryan,Broekhoff,SF
Saben,Lee,PG
Saben,Lee,PG
Saben,Lee,PG
Saben,Lee,PG
Saben,Lee,PG
Saddiq,Bey,SF
Saddiq,Bey,SF
Saddiq,Bey,SF
Saddiq,Bey,SF
Saddiq,Bey,SF
Sam,Hauser,SF
Sam,Merrill,SG
Sam,Dekker,PF
Sam,Hauser,SF
Sam,Merrill,SG
Sam,Merrill,SG
Sandro,Mamukelashvili,C
Sandro,Mamukelashvili,C
Sandro,Mamukelashvili,C
Sandro,Mamukelashvili,PF
Santi,Aldama,PF
Santi,Aldama,PF
Scottie,Barnes,SF
Scottie,Barnes,PF
Scottie,Lewis,SG
Scotty,Pippen,PG
Scotty,Hopson,SG
Sean,McDermott,SF
Sekou,Doumbouya,PF
Sekou,Doumbouya,PF
Sekou,Doumbouya,PF
Semi,Ojeleye,PF
Semi,Ojeleye,PF
Semi,Ojeleye,PF
Semi,Ojeleye,PF
Semi,Ojeleye,PF
Serge,Ibaka,C
Serge,Ibaka,C
Serge,Ibaka,C
Serge,Ibaka,C
Serge,Ibaka,C
Serge,Ibaka,C
Seth,Curry,SG
Seth,Curry,SG
Seth,Curry,SG
Seth,Curry,SG
Seth,Curry,SG
Seth,Curry,SG
Shabazz,Napier,PG
Shabazz,Napier,PG
Shabazz,Napier,PG
Shaedon,Sharpe,SG
Shai,Gilgeous-Alexander,PG
Shai,Gilgeous-Alexander,PG
Shai,Gilgeous-Alexander,SG
Shai,Gilgeous-Alexander,SG
Shake,Milton,SG
Shake,Milton,SG
Shake,Milton,SG
Shake,Milton,SG
Shamorie,Ponds,PG
Shaq,Buchanan,SG
Shaquille,Harrison,SG
Shaquille,Harrison,SG
Shaquille,Harrison,SG
Shaquille,Harrison,SG
Shaquille,Harrison,SG
Shaquille,Harrison,SG
Sharife,Cooper,PG
Simone,Fontecchio,SF
Sindarius,Thornwell,SG
Sindarius,Thornwell,SG
Sindarius,Thornwell,SG
Sindarius,Thornwell,SF
Skal,Labissiere,C
Skylar,Mays,PG
Skylar,Mays,SG
Skylar,Mays,SG
Solomon,Hill,SF
Solomon,Hill,PF
Solomon,Hill,PF
Solomon,Hill,PF
Solomon,Hill,PF
Spencer,Dinwiddie,SG
Spencer,Dinwiddie,SG
Spencer,Dinwiddie,PG
Spencer,Dinwiddie,PG
Spencer,Dinwiddie,PG
Spencer,Dinwiddie,PG
Spencer,Dinwiddie,SG
Spencer,Dinwiddie,PG
Stanley,Johnson,SF
Stanley,Umude,SG
Stanley,Johnson,PF
Stanley,Johnson,PF
Stanley,Johnson,PF
Stanton,Kidd,SG
Stephen,Curry,PG
Stephen,Curry,PG
Stephen,Curry,PG
Stephen,Curry,PG
Sterling,Brown,SF
Sterling,Brown,SG
Sterling,Brown,SG
Sterling,Brown,SF
Steven,Adams,C
Steven,Adams,C
Steven,Adams,C
Steven,Adams,C
Svi,Mykhailiuk,SF
Svi,Mykhailiuk,SF
Svi,Mykhailiuk,SF
Svi,Mykhailiuk,SF
Svi,Mykhailiuk,SF
Svi,Mykhailiuk,SF
Svi,Mykhailiuk,SF
Svi,Mykhailiuk,SF
T.J.,McConnell,PG
T.J.,Warren,PF
T.J.,Warren,PF
T.J.,Warren,SF
T.J.,McConnell,PG
T.J.,Leaf,PF
T.J.,McConnell,PG
T.J.,Warren,SF
T.J.,Leaf,PF
T.J.,McConnell,PG
T.J.,Warren,SF
Tacko,Fall,C
Tacko,Fall,C
Tacko,Fall,C
Taj,Gibson,C
Taj,Gibson,C
Taj,Gibson,C
Taj,Gibson,C
Talen,Horton-Tucker,SG
Talen,Horton-Tucker,SG
Talen,Horton-Tucker,SG
Talen,Horton-Tucker,SG
Tari,Eason,PF
Tariq,Owens,PF
Taurean,Prince,PF
Taurean,Prince,PF
Taurean,Prince,PF
Taurean,Prince,PF
Taurean,Prince,PF
Taurean,Prince,PF
Terance,Mann,SG
Terance,Mann,SF
Terance,Mann,SG
Terance,Mann,SF
Terence,Davis,SG
Terence,Davis,SG
Terence,Davis,SG
Terence,Davis,SG
Terence,Davis,SG
Terence,Davis,SG
Terrance,Ferguson,SG
Terrance,Ferguson,SF
Terrence,Ross,SG
Terrence,Ross,SG
Terrence,Ross,SG
Terrence,Ross,SG
Terrence,Ross,SG
Terrence,Ross,SG
Terry,Rozier,SG
Terry,Taylor,PF
Terry,Taylor,PF
Terry,Taylor,PF
Terry,Rozier,SG
Terry,Taylor,PF
Terry,Rozier,SG
Terry,Rozier,PG
Theo,Maledon,PG
Theo,Maledon,PG
Theo,Maledon,PG
Thabo,Sefolosha,PF
Thaddeus,Young,PF
Thaddeus,Young,PF
Thaddeus,Young,PF
Thaddeus,Young,PF
Thaddeus,Young,PF
Thaddeus,Young,PF
Thanasis,Antetokounmpo,PF
Thanasis,Antetokounmpo,SF
Thanasis,Antetokounmpo,SF
Thanasis,Antetokounmpo,SF
Theo,Pinson,SG
Theo,Pinson,SF
Theo,Pinson,SG
Theo,Pinson,SG
Thomas,Bryant,C
Thomas,Bryant,C
Thomas,Bryant,C
Thomas,Bryant,C
Thomas,Bryant,C
Thomas,Bryant,C
Thon,Maker,C
Thon,Maker,C
Tim,Hardaway,SF
Tim,Frazier,PG
Tim,Frazier,PG
Tim,Frazier,PG
Tim,Hardaway,SG
Tim,Frazier,PG
Tim,Hardaway,SG
Tim,Frazier,PG
Tim,Hardaway,SG
Timothe,Luwawu-Cabarrot,SF
Timothe,Luwawu-Cabarrot,SF
Timothe,Luwawu-Cabarrot,SF
Tobias,Harris,SF
Tobias,Harris,PF
Tobias,Harris,PF
Tobias,Harris,PF
Tomas,Satoransky,SG
Tomas,Satoransky,SG
Tomas,Satoransky,SG
Tomas,Satoransky,SG
Tony,Bradley,C
Tony,Bradley,C
Tony,Snell,SG
Tony,Snell,SG
Tony,Snell,SG
Tony,Bradley,C
Tony,Bradley,C
Tony,Bradley,C
Tony,Snell,SG
Tony,Bradley,C
Tony,Snell,SF
Torrey,Craig,PF
Torrey,Craig,SF
Torrey,Craig,SF
Torrey,Craig,SF
Torrey,Craig,SF
Torrey,Craig,SF
Torrey,Craig,SF
Torrey,Craig,SF
Trae,Young,PG
Trae,Young,PG
Trae,Young,PG
Trae,Young,PG
Trayvon,Palmer,SG
Tre,Jones,PG
Tre,Mann,PG
Tre,Jones,PG
Tre,Mann,PG
Tre,Scott,SF
Tre,Jones,PG
Tremont,Waters,PG
Tremont,Waters,PG
Tremont,Waters,PG
Tremont,Waters,PG
Tremont,Waters,PG
Trendon,Watford,PF
Trendon,Watford,SF
Trent,Forrest,SG
Trent,Forrest,PG
Trent,Forrest,PG
Trevelin,Queen,SG
Trevelin,Queen,SG
Treveon,Graham,SF
Treveon,Graham,SF
Treveon,Graham,SF
Trevor,Hudgins,PG
Trevor,Keels,SG
Trevor,Ariza,SF
Trevor,Ariza,SF
Trevor,Ariza,SF
Trevor,Ariza,SF
Trevor,Ariza,SF
Trey,Lyles,PF
Trey,Murphy,SF
Trey,Burke,PG
Trey,Lyles,PF
Trey,Lyles,PF
Trey,Lyles,PF
Trey,Murphy,SF
Trey,Burke,PG
Trey,Lyles,PF
Trey,Burke,PG
Trey,Burke,PG
Trey,Burke,PG
Trey,Lyles,PF
Tristan,Thompson,PF
Tristan,Thompson,PF
Tristan,Thompson,PF
Tristan,Thompson,PF
Tristan,Thompson,PF
Tristan,Thompson,PF
Troy,Brown,SF
Troy,Brown,SF
Troy,Brown,SF
Troy,Brown,SF
Troy,Brown,SF
Troy,Brown,SF
Troy,Daniels,SG
Troy,Daniels,SG
Troy,Daniels,SG
Ty,Jerome,SG
Ty,Jerome,SG
Ty,Jerome,SG
Ty,Jerome,SG
Ty-Shon,Alexander,SG
Tyler,Dorsey,SF
Tyler,Herro,SG
Tyler,Cook,PF
Tyler,Hall,SG
Tyler,Herro,SG
Tyler,Johnson,PG
Tyler,Johnson,PG
Tyler,Johnson,PG
Tyler,Bey,SF
Tyler,Cook,SF
Tyler,Cook,PF
Tyler,Cook,SF
Tyler,Herro,SG
Tyler,Johnson,SG
Tyler,Cook,PF
Tyler,Cook,PF
Tyler,Cook,SF
Tyler,Herro,SG
Tyler,Johnson,PG
Tyler,Johnson,PG
Tyler,Johnson,SG
Tyler,Zeller,C
Tyrell,Terry,PG
Tyrell,Terry,PG
Tyrese,Haliburton,PG
Tyrese,Martin,SG
Tyrese,Maxey,SG
Tyrese,Haliburton,SG
Tyrese,Haliburton,SG
Tyrese,Haliburton,PG
Tyrese,Maxey,PG
Tyrese,Haliburton,PG
Tyrese,Maxey,SG
Tyrone,Wallace,SG
Tyrone,Wallace,SG
Tyson,Chandler,C
TyTy,Washington,PG
Tyus,Jones,PG
Tyus,Jones,PG
Tyus,Jones,PG
Tyus,Jones,PG
Udoka,Azubuike,C
Udoka,Azubuike,C
Udoka,Azubuike,C
Udonis,Haslem,C
Udonis,Haslem,C
Udonis,Haslem,C
Udonis,Haslem,C
Usman,Garuba,C
Usman,Garuba,PF
Vernon,Carey,C
Vernon,Carey,C
Vernon,Carey,C
Vernon,Carey,C
Vernon,Carey,C
Vic,Law,PF
Victor,Oladipo,SG
Victor,Oladipo,SG
Victor,Oladipo,SG
Victor,Oladipo,SG
Victor,Oladipo,SG
Victor,Oladipo,SG
Victor,Oladipo,SG
Vince,Williams,SG
Vince,Carter,PF
Vincent,Poirier,C
Vincent,Poirier,C
Vit,Krejci,PG
Vit,Krejci,SG
Vlatko,ƒåanƒçar,PF
Vlatko,Cancar,PF
Vlatko,Cancar,PF
Vlatko,Cancar,PF
Walker,Kessler,C
Wayne,Ellington,SG
Wayne,Selden,SG
Wayne,Ellington,SG
Wayne,Ellington,SG
Wendell,Carter,C
Wendell,Moore,SG
Wendell,Carter,PF
Wendell,Carter,C
Wendell,Carter,C
Wendell,Carter,C
Wendell,Carter,C
Wenyen,Gabriel,C
Wenyen,Gabriel,PF
Wenyen,Gabriel,PF
Wenyen,Gabriel,PF
Wenyen,Gabriel,PF
Wenyen,Gabriel,PF
Wenyen,Gabriel,PF
Wenyen,Gabriel,PF
Wenyen,Gabriel,PF
Wes,Iwundu,SF
Wes,Iwundu,SF
Wes,Iwundu,SF
Wes,Iwundu,SF
Wes,Iwundu,SF
Wesley,Matthews,SF
Wesley,Matthews,SG
Wesley,Matthews,SG
Wesley,Matthews,SG
Will,Barton,SG
Will,Barton,SG
Will,Barton,SG
Will,Barton,SG
Will,Barton,SF
Will,Magnay,C
Will,Barton,SF
William,Howard,PF
Willie,Cauley-Stein,C
Willie,Cauley-Stein,C
Willie,Cauley-Stein,C
Willie,Cauley-Stein,C
Willie,Cauley-Stein,C
Willie,Cauley-Stein,C
Willie,Cauley-Stein,C
Willy,Hernangomez,C
Willy,Hernangomez,C
Willy,Hernangomez,C
Willy,Hernangomez,C
Wilson,Chandler,PF
Xavier,Cooks,PF
Xavier,Moon,SG
Xavier,Sneed,SF
Xavier,Tillman,PF
Xavier,Moon,SG
Xavier,Sneed,SF
Xavier,Sneed,SF
Xavier,Sneed,SF
Xavier,Tillman,PF
Xavier,Tillman,PF
Yogi,Ferrell,PG
Yogi,Ferrell,PG
Yogi,Ferrell,PG
Yogi,Ferrell,PG
Yuta,Watanabe,SF
Yuta,Watanabe,SF
Yuta,Watanabe,SF
Yuta,Watanabe,SF
Yves,Pons,SF
Zach,Collins,C
Zach,LaVine,SG
Zach,Collins,C
Zach,LaVine,SG
Zach,LaVine,SG
Zach,Collins,PF
Zach,LaVine,SF
Zach,Norvell,SG
Zach,Norvell,SG
Zach,Norvell,SG
Zavier,Simpson,PG
Zeke,Nnaji,PF
Zeke,Nnaji,PF
Zeke,Nnaji,PF
Zhaire,Smith,SF
Ziaire,Williams,SF
Ziaire,Williams,SF
Zion,Williamson,PF
Zion,Williamson,PF
Zion,Williamson,PF
Zylan,Cheatham,SF
Zylan,Cheatham,PF